numero,grupo,titulo,archivo,paginas
1,Plan Nacional de Desarrollo · Protección Social e Inclusión Económica,Tasa de pobreza extrema por ingresos,fichas/F01_Tasa_de_pobreza_extrema_por_ingresos.pdf,9
2,Plan Nacional de Desarrollo · Protección Social e Inclusión Económica,Tasa de pobreza multidimensional,fichas/F02_Tasa_de_pobreza_multidimensional.pdf,14
3,Plan Nacional de Desarrollo · Protección Social e Inclusión Económica,Porcentaje de usuarios de los servicios de protección social en condición de pobreza y pobreza extrema,fichas/F03_Porcentaje_de_usuarios_de_los_servicios_de_proteccion_social_en_condic.pdf,5
4,Plan Nacional de Desarrollo · Protección Social e Inclusión Económica,Tasa de cobertura de servicios gerontológicos públicos no médicos,fichas/F04_Tasa_de_cobertura_de_servicios_gerontologicos_publicos_no_medicos.pdf,5
5,Plan Nacional de Desarrollo · Protección Social e Inclusión Económica,"Porcentaje de gestantes, niñas y niños menores de 6 años que acceden a los servicios para la primera infancia",fichas/F05_Porcentaje_de_gestantes_ninas_y_ninos_menores_de_6_anos_que_acceden_a_.pdf,14
6,Plan Nacional de Desarrollo · Protección Social e Inclusión Económica,Prevalencia de desnutrición crónica en niñas y niños menores de dos años,fichas/F06_Prevalencia_de_desnutricion_cronica_en_ninas_y_ninos_menores_de_dos_an.pdf,15
7,Plan Nacional de Desarrollo · Trabajo y Oportunidades,Brecha salarial entre hombres y mujeres,fichas/F07_Brecha_salarial_entre_hombres_y_mujeres.pdf,5
8,Plan Nacional de Desarrollo · Trabajo y Oportunidades,Tasa de desempleo juvenil,fichas/F08_Tasa_de_desempleo_juvenil.pdf,5
9,Plan Nacional de Desarrollo · Trabajo y Oportunidades,Tasa de empleo adecuado,fichas/F09_Tasa_de_empleo_adecuado.pdf,6
10,Plan Nacional de Desarrollo · Trabajo y Oportunidades,Trabajo infantil,fichas/F10_Trabajo_infantil.pdf,5
11,Plan Nacional de Desarrollo · Trabajo y Oportunidades,Índice de percepción de la calidad de los servicios públicos,fichas/F11_Indice_de_percepcion_de_la_calidad_de_los_servicios_publicos.pdf,5
12,KPIs · Protección Social e Inclusión Económica,Número de beneficiarios del servicio de desarrollo infantil integral,fichas/F12_Numero_de_beneficiarios_del_servicio_de_desarrollo_infantil_integral.pdf,6
13,KPIs · Protección Social e Inclusión Económica,Número de beneficiarios del servicio a personas adultas mayores,fichas/F13_Numero_de_beneficiarios_del_servicio_a_personas_adultas_mayores.pdf,6
14,KPIs · Protección Social e Inclusión Económica,Número de beneficiarios del servicio de protección especial,fichas/F14_Numero_de_beneficiarios_del_servicio_de_proteccion_especial.pdf,6
15,KPIs · Protección Social e Inclusión Económica,Número de beneficiarios del servicio a personas con discapacidad,fichas/F15_Numero_de_beneficiarios_del_servicio_a_personas_con_discapacidad.pdf,6
16,KPIs · Protección Social e Inclusión Económica,Número de Créditos de Desarrollo Humano otorgados,fichas/F16_Numero_de_Creditos_de_Desarrollo_Humano_otorgados.pdf,8
17,KPIs · Protección Social e Inclusión Económica,Porcentaje de alertas gestionadas en el SUUSEN,fichas/F17_Porcentaje_de_alertas_gestionadas_en_el_SUUSEN.pdf,9
18,KPIs · Trabajo,Número de contratos registrados,fichas/F18_Numero_de_contratos_registrados.pdf,4
19,KPIs · Trabajo,Número de exservidores y extrabajadores jubilados compensados económicamente,fichas/F19_Numero_de_exservidores_y_extrabajadores_jubilados_compensados_economic.pdf,4
20,Transferencias monetarias no contributivas,Número de beneficiarios del Bono de Desarrollo Humano,fichas/F20_Numero_de_beneficiarios_del_Bono_de_Desarrollo_Humano.pdf,4
21,Transferencias monetarias no contributivas,Número de beneficiarios del Bono de Desarrollo Humano con Componente Variable,fichas/F21_Numero_de_beneficiarios_del_Bono_de_Desarrollo_Humano_con_Componente_V.pdf,4
22,Transferencias monetarias no contributivas,Número de beneficiarios del Bono 1000 Días,fichas/F22_Numero_de_beneficiarios_del_Bono_1000_Dias.pdf,5
23,Transferencias monetarias no contributivas,Número de beneficiarios del Bono Joaquín Gallegos Lara,fichas/F23_Numero_de_beneficiarios_del_Bono_Joaquin_Gallegos_Lara.pdf,5
24,Transferencias monetarias no contributivas,Número de beneficiarios de la Pensión Mis Mejores Años,fichas/F24_Numero_de_beneficiarios_de_la_Pension_Mis_Mejores_Anos.pdf,4
25,Transferencias monetarias no contributivas,Número de beneficiarios de la Pensión Toda una Vida,fichas/F25_Numero_de_beneficiarios_de_la_Pension_Toda_una_Vida.pdf,4
